TOT_POP,40-49,50-59,60-69,70-79,80+,White-alone pop,POP_ESTIMATE_2018,Less than a high school diploma 2014-18,High school diploma only 2014-18,Some college or associate's degree 2014-18,Bachelor's degree or higher 2014-18,POVALL_2018,Civilian_labor_force_2018,Employed_2018,Unemployed_2018,Total nurse practitioners (2019),Total physician assistants (2019),Internal Medicine Primary Care (2019),Family Medicine/General Practice Primary Care (2019),Total Specialist Physicians (2019),ICU Beds_x,Total Population,Population Aged 60+,county_pop2018_18 and older,anycondition_number,Obesity_number,COPD_number,diabetes_number,CKD_number,Heart disease_number
-0.5172816781036863,-0.45628066085334407,-0.4991826358545165,-0.5700915538738198,-0.6040396045694861,-0.6383507187042687,-0.39938150013968055,-0.5172816781036863,-0.2843252933073341,-0.6036769108407062,-0.5239026440267645,-0.5857638503440353,-0.5918853212574055,-0.5105437022427091,-0.5177984780732949,-0.3368368809432872,-0.7465835427364751,-0.7443460366430238,-0.4505838657269573,-0.41546806663118946,-0.5514709919326064,-0.6503637790869682,-0.5060442983507617,-0.6037961097206264,-0.536064937374018,-0.5266430863414593,-0.5197663226644713,-0.558764473450529,-0.5537276555583852,-0.5525794176955062,23918
-0.6215257277384997,-0.6140388469250803,-0.7158008644926391,-0.7466641188323206,-0.7142652330753892,-0.6718902504928622,-0.46708818925939416,-0.6215257277384997,-0.0997951043455498,-0.6915445597804274,-0.7261029199191279,-0.87249658903468,-0.12789287549496503,-0.712426157155262,-0.7223299924670942,-0.47485467537851955,-0.8862700726563715,-0.8156597283766589,-0.8152325041189038,-0.680968605123194,-0.7891331686971782,-0.6464707301042903,-0.6102612988395952,-0.7212737350838835,-0.6614072213150473,-0.5667509547366807,-0.560959833401978,-0.6634971561310959,-0.4224067449959027,-0.5017666042051874,25838
-0.40941250450325717,-0.4189032315841072,-0.46333166711138163,-0.4475981987160679,-0.4725469520852085,-0.4633421355687201,-0.3881814576848303,-0.40941250450325717,-0.35081737581263056,-0.4114611920459212,-0.3180199214266405,-0.5151864478812523,-0.3049964589683962,-0.4204936496710107,-0.41851327001243216,-0.45211627592229536,-0.7965242943931888,-0.3236503682365144,-0.7309029120747654,-0.13595872200654952,-0.6295190978970573,0.424117740132114,-0.403239749769177,-0.4578227308233687,-0.43112434883469963,-0.36308569588813994,-0.3927317967221552,-0.3632298976126119,-0.3720965559759607,-0.40923337298766305,36429
-0.4884252755254596,-0.5050041753807013,-0.4637414350417375,-0.4546706072398431,-0.5143453996737587,-0.3834289313468924,-0.49570239694104157,-0.4884252755254596,-0.47972534303574027,-0.35171402666257084,-0.5548560896866065,-0.4567264918490392,-0.5750041996835564,-0.46938699825094427,-0.47174894507608,-0.4042798317832577,-0.519205843380906,-0.17387988526859108,-0.3716166949602992,-0.26396590669664505,-0.3811617212239504,-0.6620429260350017,-0.4736132573290537,-0.4414967608151228,-0.48410587368921143,-0.5184395707515737,-0.5095595771483321,-0.5276299980703285,-0.4896516111378947,-0.4980250431168266,27257
-0.42846897602740786,-0.4248853253770548,-0.2974725095553408,-0.29547487397685446,-0.32075172943863933,-0.2532998171599628,-0.2760162093451575,-0.42846897602740786,-0.48025453362569426,-0.27575069427765525,-0.46131149665216314,-0.31944493495444365,-0.6552217430402056,-0.3848714063060423,-0.38525733632217823,-0.3655387474267098,-0.44088740239958674,-0.06377217351532552,-0.2948810642871062,-0.17927129605178477,-0.3015713228773694,-0.7009734158617801,-0.41339127067282916,-0.29222617621031743,-0.41203881322235897,-0.41453267450689574,-0.41646129421911937,-0.44603837087787573,-0.4193819606253786,-0.45224120958398195,31557
-0.6526190094686065,-0.6526666900987813,-0.6704656307432677,-0.6542475117514838,-0.7350091634586001,-0.7273625548591994,-0.8328999722966564,-0.6526190094686065,-0.4039724252062495,-0.6961722258802381,-0.6546739004459015,-0.6368546007960807,-0.30098236021247715,-0.6883948480644666,-0.6947323152815682,-0.5298129578378086,-0.7685608849055144,-0.9016832387140062,-0.7406477121249134,-0.6610365363607003,-0.7122641997463665,-0.6192193872255456,-0.6408189323654051,-0.7040621078791118,-0.6400013447407057,-0.6085524313445211,-0.6028605288731756,-0.5901926702965806,-0.5064525392911801,-0.5387798966921972,22709
0.28261666733223345,0.3482399080535391,0.2377514604234759,0.10850794516749918,0.03670100948151227,-0.0687390046049102,0.23596503352952,0.28261666733223345,0.04852128532533092,0.29008138729405025,0.3512608502123306,0.15163434136775028,0.47850020687191763,0.38054374997413554,0.3923953844106701,0.10956509328692514,0.5923661102691534,0.39451150738169255,0.06736782423008329,0.25587899427473104,0.04269111301525945,0.4591551809762145,0.2200456917584075,-0.0012771165829727812,0.2883885226857677,0.3565558539770885,0.43331602955550225,0.4020194214526275,0.23862181216795705,0.24899975568621346,66065
-0.47379436592283625,-0.447790634627011,-0.43545254719516996,-0.4015324840571771,-0.4534867292114308,-0.5071543163140427,-0.3067438833813281,-0.47379436592283625,-0.512599520630583,-0.5586570672373942,-0.3984017262290889,-0.31930445445591105,-0.6265560522455283,-0.39764482168776605,-0.3933891262298709,-0.4798742843150823,-0.5505484744497582,-0.25650178794747736,-0.6740106338927051,-0.35953450180812846,-0.6439298052994221,-0.6854012199310687,-0.4729976955181243,-0.4385997014313066,-0.45379154520718773,-0.5997037316736378,-0.6111052679635256,-0.6227118325872213,-0.6201185859767259,-0.5289230959755478,23840
-0.3676167908360808,-0.38395558387922674,-0.4391553592203857,-0.4555166346035743,-0.5462377623038962,-0.5495790223950798,-0.41291698937748494,-0.3676167908360808,-0.2916624493248039,-0.4149996164035759,-0.40488910042914356,-0.2831287192194993,-0.22176995233885097,-0.2810207514411558,-0.27222897347738695,-0.4661454393603809,0.11115582041358565,-0.6758970436481806,-0.5068583438249529,-0.4143113809848133,-0.4692645963165619,1.338984251061405,-0.3639210969808376,-0.49738386402962476,-0.3528347773636577,-0.38474775140763734,-0.31382464158914625,-0.30156936988861627,-0.3695964790982826,-0.38943930787504477,33256
-0.23696490384590588,-0.226801290886351,-0.115200283807046,-0.16661254877753076,-0.23535670002816364,-0.1955595253616205,-0.06536077043646221,-0.23696490384590588,-0.2889664378057141,-0.07862371981705438,-0.2572464924269337,-0.22841357190531264,-0.41498147624534426,-0.1798063558809198,-0.1773164097734238,-0.22940866917274882,0.48588632800667425,-0.13175150817718048,0.5973378507929193,-0.4548135675646717,0.4075737275829759,-0.39342254623023115,-0.2303804496662433,-0.19473986118068692,-0.2217708543382826,-0.2162611545754956,-0.17340103882908095,-0.2977300107278503,-0.3361592369071146,-0.2834284103714897,40556
0.47492306752385216,0.2840354168339813,0.34934989367439384,0.4254069814001529,0.34092897509375636,0.4190917509168517,-0.07151507812290378,0.47492306752385216,0.5461678253835237,1.1610300610176225,0.20831401467859828,0.17735431378480634,1.5159482184037154,0.3046292112751372,0.2829053856991878,0.7730544283633531,0.7391763599709051,1.5952766956493358,0.8613336931825206,1.096865458281497,0.8976576662007101,1.0041820385511113,0.4867328359567219,0.4309129247529648,0.4900047037537478,0.6576406831358755,0.6523363161020779,0.7835006652788988,0.7207251142713236,0.6835840876912995,79751
0.33576782666438354,0.3763671162795244,0.3400667874703319,0.3090544540735284,0.35279666103403307,0.19314683827897608,0.4047206696537637,0.33576782666438354,0.100467777831082,0.534806292321646,0.36441841511566203,0.1837963480746589,0.4530561041638527,0.35347017145157167,0.36211316149396455,0.15371191034438678,0.6660478553171273,0.4575932939284068,0.11307657819092293,0.3077678308505006,0.08881864965507927,0.6304493362140392,0.27813850260039413,0.2704329077993605,0.3349098965741204,0.4877701664499937,0.5007184964599266,0.6397030276401559,0.4435766742264979,0.36848831947579924,75432
0.5038182162132859,0.48457765138687026,0.6099473967287105,0.5778915313059032,0.5560348694299834,0.666195652185081,0.6702092620572943,0.5038182162132859,-0.1269697562621046,0.30458957168217554,0.03852971647185409,1.4304524018812723,-0.15028935587309458,0.70536681978376,0.7293957492949938,0.15783056383079722,2.0919140111712493,0.8327237790870808,2.1559775571136086,0.07642557538514043,1.8201568695945873,-0.21044924404437296,0.4993303799943461,0.6049659050075421,0.5579027062211227,0.17149770402452108,0.11453526243609952,0.19133721001868276,0.03516905391246559,0.24207987926472901,65873
-0.2179433983245518,-0.21930591208402353,-0.17790222747749967,-0.193352717026697,-0.19601025366694333,-0.18395276615077072,-0.0627235897777365,-0.2179433983245518,-0.04530277602866884,-0.41180923378601836,-0.07327041024148702,-0.2899159341628891,-0.3919793373069316,-0.2264731973121422,-0.22626345464788725,-0.2246893787195702,-0.4677743861858246,-0.4862521221839928,-0.3364848066773626,-0.24196183140548577,-0.33076320448872076,-0.5102140157105662,-0.20214572691221963,-0.20703235624571914,-0.2213967237314894,-0.33484921458327604,-0.3824431212673566,-0.34434780337933657,-0.313586526332523,-0.229678672586006,38571
-0.5824195612053542,-0.5737840447506846,-0.5995534278136838,-0.6053015016857329,-0.5933979192428744,-0.6134028569522124,-0.48180934641432727,-0.5824195612053542,-0.48025453362569426,-0.5957750742970183,-0.5812391227658947,-0.5948750141060074,-0.4975765516099135,-0.5739093472892655,-0.5714561777933728,-0.6115853905992487,-0.324518395743742,-0.8328078044247862,-0.6866475740526019,-0.6123949207640872,-0.6728640098865293,-0.06251338270261528,-0.5796406775935973,-0.6023289065336108,-0.5732452327572567,-0.5640540852781104,-0.5816881078827897,-0.47761342845685273,-0.5323381089382504,-0.5739827563945161,26639
-0.5021669146245261,-0.5499196111990087,-0.5525716720168824,-0.5357276334256378,-0.6019472301888313,-0.5282599405342316,-0.5210639931953192,-0.5021669146245261,-0.4217003099697072,-0.6171022987040847,-0.521520806156213,-0.4376171303200748,-0.37938937106445025,-0.48264126433621324,-0.47750489247350014,-0.5818109581037401,-0.5788253132687329,-0.4573801569291074,-0.5840521717236279,-0.20199886947827664,-0.5373906897458826,-0.5257862116412775,-0.4979408327126203,-0.5536124254403776,-0.5070960166766839,-0.5485696673341658,-0.5075975707225427,-0.7078490974745891,-0.5613101932491209,-0.5476309014173516,23497
1.2939024551885905,1.1900881738584588,1.1911994807755004,1.1931150254708656,1.4423188863857972,1.2562726175826506,1.5839418497891058,1.2939024551885905,1.3285189028369482,1.552783265584052,1.6005974932605356,0.2967306277092885,1.0983595274408402,1.0208254624679227,1.0142174545745986,1.1371262355058405,0.9395478740280525,0.7691134710655773,1.0137069860012817,1.2167409386012646,1.0959029366164914,0.31511236861713465,1.2362342164285396,1.2303092444508414,1.2144580491502401,1.2127377109038582,1.2194639757060635,1.2204113457321848,1.2452474162375167,1.2997749439206923,110912
-0.11994125270248406,-0.18003154808471897,-0.1772167974849044,-0.18311483533300627,-0.31996708904589377,-0.29564447662575266,-0.20205552072982672,-0.11994125270248406,-0.04028976787248334,0.016797723926257585,-0.14646491480297316,-0.28526000906866544,0.15217910640277235,-0.1048984229348682,-0.10139104797310249,-0.1789551639642212,-0.10427088429763483,-0.6813692194057505,-0.4943434206372207,0.10718163663154875,-0.3441475851948672,0.9963959405857556,-0.1142205956859833,-0.24349902454845146,-0.14456589602699954,-0.0448809071400792,-0.03205033413155473,0.18500121839818373,-0.06275576798769966,-0.09470085052739982,47200
-0.47776536980800766,-0.45830547882364103,-0.4316007286498248,-0.5047668342832509,-0.49835835167156783,-0.566895773493566,-0.4461701892461045,-0.47776536980800766,-0.45669840114855437,-0.5027125801254761,-0.47479290793263096,-0.40124472238571746,-0.63021577631192,-0.4437447457525519,-0.44196885334781194,-0.4702211902063078,-0.4969324124044425,-0.29400733746249663,-0.2452171069532421,-0.6298923506117446,-0.30392208018683237,-0.84501622822086,-0.4724527563025574,-0.509473618290633,-0.4754764964035346,-0.4619633822214409,-0.44085916753146237,-0.5636947980558843,-0.4878099907218273,-0.5319002521103725,26244
-0.25488167268430767,-0.12983737629472497,-0.32439053741671786,-0.28427689381421034,-0.3767390907960052,-0.453843270559381,-0.16126562008753031,-0.25488167268430767,-0.31535445506152654,-0.4566872826063278,-0.1420773187256415,-0.0073494456858687095,-0.26738763964528284,-0.1681761303041225,-0.16690451443029689,-0.1913540270639359,-0.2974615729821127,-0.2744162342095748,-0.311675126319339,-0.10844666956413458,-0.37309263899338674,-0.4089947421609425,-0.2588108160966089,-0.3342842224766582,-0.21827084423173498,-0.32262942808917977,-0.3172829474209771,-0.314031552082578,-0.3483201046824871,-0.3214474988499943,37481
-0.1301919616845055,-0.08899999491484026,0.025216010436898906,-0.08893012612122558,-0.0982898314204227,0.04735526970866996,-0.02686245218108272,-0.1301919616845055,-0.21189054350133837,-0.20642593582422308,-0.33352798422854246,0.17712151753009517,-0.2839594887628171,-0.12349443516263338,-0.12449299027693675,-0.09808368665293335,0.7100067597071885,0.5239560799743557,0.47909287933794625,-0.5269716490085952,0.2764304690117968,-0.37785035029951985,-0.10719269308802384,-0.04933735770528626,-0.12954461309757542,-0.2999189484380611,-0.3268558139380152,-0.2800018222532752,-0.3227740516484347,-0.22304041904214011,40301
-0.2503417624833645,-0.3265786367630213,-0.25660747140985146,-0.19702200424467717,-0.2936979825637662,-0.2024435342728831,-0.2792183102558784,-0.2503417624833645,-0.3233066163592131,-0.17128661050922567,-0.2479594140632484,-0.22704489047675205,-0.09148893011624468,-0.2518666048939139,-0.2544902611823505,-0.1871495682965586,-0.2638646309157797,-0.541516472839198,-0.2300845301893531,-0.12153136885683591,-0.1342701246326734,0.10488772355253159,-0.2394907644679979,-0.20004313379120864,-0.25463828907839037,-0.14515864292914518,-0.1392664391223812,-0.0895024715442314,-0.13938363870764406,-0.23696063556442856,46814
0.2161387357990632,0.15569748063943759,0.10614890184518529,0.10110282925349261,-0.047239165867414355,-0.12127626641218194,0.15606005463907763,0.2161387357990632,-0.12739882971341862,0.253640128062393,0.15849912921489365,0.2952013971395478,0.39409459900267224,0.2603385581454805,0.26244500513374863,0.2067395739819209,0.3118394024949421,-0.1713156189760022,0.2683157181521743,0.42023550791077563,0.44317027053530694,0.6966311689195623,0.1850121126616539,-0.004344905064914416,0.20421401082318036,0.21854130129046767,0.2506812599777406,0.33830284346767525,0.2003593187190482,0.06868065033102035,60329
1.587638614303447,1.8202683632105419,1.8633008401451887,1.6608065568818073,1.9826091834905144,2.262165066984549,1.8798563823530354,1.587638614303447,1.869008427008846,2.3364765860217775,1.470991039133357,1.1808707344597085,1.926900437908169,1.5651615559819536,1.5719542991324915,1.3718465815907508,2.4014761196146397,1.9433604293253293,1.18965617823808,1.5299070955156233,1.175261850906331,1.2572302224251706,1.567969542752644,1.905585509811518,1.663779158577121,1.6668214930304373,1.7533539528265674,1.9929617412342908,2.244568268936083,2.2893172721929655,169691
-0.5995727481448463,-0.5962275534109239,-0.6726038743071246,-0.574654398082707,-0.38349026750858684,-0.5942450337030396,-0.5217073376705325,-0.5995727481448463,-0.37586096292099236,-0.5509550324333916,-0.4799483333234956,-0.8227945886538427,-0.5324856801164457,-0.6895717161287853,-0.6959573590759275,-0.5298987631187755,-0.7373759442186058,-0.6797749050231084,-0.7451984826614025,-0.6199984478961618,-0.7427639783730031,-0.9657007466838727,-0.6242560250341196,-0.5681830869085213,-0.5992491379290927,-0.4767155162334531,-0.49736926469622994,-0.5143915520023322,-0.4868943247048999,-0.5034965733105585,27761
-0.458091795585852,-0.520492256697359,-0.364808556001819,-0.2596280291607841,-0.09949948535923878,-0.05958700826164244,-0.35358308300440106,-0.458091795585852,-0.43111847222605004,-0.315130972647911,-0.2743058838418922,-0.5406535554009496,-0.46512227322537997,-0.5055724169535278,-0.5053663350692948,-0.4958340665749226,-0.4344542414219648,-0.4845890372931642,-0.56962413084349,-0.4672378844634746,-0.6001369500487659,-0.43235303605700953,-0.46903328658385984,-0.19026889292352678,-0.42671521354030917,-0.33395563463109423,-0.3751297962165023,-0.15313512911036906,-0.31039712784659623,-0.30161320189771623,44373
0.1680633170350368,0.10450866142543805,0.15445681567113842,0.19969828786719762,0.045544560574748746,0.11406078241470315,0.2315320710815108,0.1680633170350368,-0.2612196879540739,-0.18351963315190084,0.18612009118742906,0.6457082684354677,-0.0593825832450653,0.292886724833699,0.3133634522227392,-0.16501180580710262,0.24295722463065406,0.4405736339177625,0.02258999704782612,0.8496687389789943,0.17445721115831384,0.15939040931002127,0.15758000616033035,0.12101293523369543,0.17646497526395705,-0.08641463235430549,-0.03326634690534065,-0.2938067311482698,-0.17447731043505146,-0.048796321475575784,46677
-0.2731188057104946,-0.3218398522500806,-0.35203124690072246,-0.3232606940238907,-0.3707398611264714,-0.38449621955018887,-0.2695920691618806,-0.2731188057104946,-0.21086076721818472,-0.2713937273090312,-0.23406535981836485,-0.3935022400523059,-0.03773995447920306,-0.3048088286585626,-0.30133304422822554,-0.3725318778255108,-0.7031349266799397,-0.13894391585108468,-0.6588806390712694,0.06021707882043185,-0.5271690215713835,0.11656687050056509,-0.272416163657243,-0.35168258463250457,-0.3033081719562429,-0.1883311357091056,-0.14429003799280885,-0.19629120448575485,-0.2317115806841184,-0.2775947936208197,45307
-0.6119403178367163,-0.6164686284894367,-0.6014979629013725,-0.5872212315080173,-0.598334615047232,-0.6000617544110057,-0.6370893083862719,-0.6119403178367163,-0.3573535947209808,-0.4894418774799186,-0.5859401185630358,-0.7226038971003855,-0.4500065819229945,-0.6206285771239869,-0.6248462044674742,-0.5105067696202598,-0.719263360331076,-0.8739050209094739,-0.7060761365555824,-0.6217523456105701,-0.6707196129213656,-0.2143422930270508,-0.5941927496758468,-0.5867872233198786,-0.608714520414314,-0.5241688053908332,-0.5537629351060606,-0.5051183457233237,-0.4782520836462596,-0.5390212877301559,26396
-0.31084617770093065,-0.3157369798413609,-0.37009083714040636,-0.4211432082299571,-0.44516627171335804,-0.46846511894454346,-0.34883376521527454,-0.31084617770093065,0.017055898895635878,-0.2695246142603612,-0.26220865465724924,-0.7036189611558358,-0.2041929677382936,-0.4123416398836706,-0.42720580564417765,-0.07431562382510658,-0.5542542009087382,-0.5633942146030234,-0.41945395988162293,-0.33159897361174634,-0.41843169876477443,-0.5802888973987672,-0.3201818514665682,-0.44180087202115875,-0.35309800932153174,-0.2801601859575068,-0.2715531053429642,-0.3908606955073047,-0.289326521075054,-0.3130390443610975,34534
0.15796570244363833,0.28928573430783916,0.017296313892021024,-0.06810264349274239,-0.2918181149561466,-0.40392086485018575,0.31189563229416106,0.15796570244363833,-0.03734346350679371,-0.2158037271546195,-0.016895023976438873,0.5560616417290152,0.06238056007653774,0.32745558708545364,0.34370428967506006,-0.03857772430239952,-0.24397993222346814,-0.1572999035058245,-0.349310647838098,-0.025409297334823534,-0.20440878123233647,0.09320857660449809,0.11159992478239875,-0.24333896601895885,0.17053006954707442,0.039876925580587336,0.11769172112550126,-0.17063253643320414,-0.10263353744399725,-0.057727789880049875,50058
1.9886958312992182,2.048618097888843,2.2351540614541254,2.0907500583896423,2.169271863589715,2.153194941427973,2.014803202925521,1.9886958312992182,1.614889675468116,1.2750524022039065,2.1250667010329085,2.3996032788865684,1.2468618518813264,2.018179049153844,2.0562315000216125,1.1256712304967615,1.5863057317740217,1.3460371677088714,1.634209606175984,1.8871115464342567,1.7515505892278356,1.483027063420485,2.000498582409297,2.0884897267470364,2.009696417885421,1.518345280470439,1.2576562634274178,1.530853955031934,1.6087771133398951,1.7431700488112731,137712
-0.5721282160579204,-0.5417208745754202,-0.5351453594877484,-0.5620020113284802,-0.581007139707434,-0.5762345452724107,-0.5378746906705733,-0.5721282160579204,-0.4065111097931908,-0.4465940721435094,-0.6101920335476201,-0.6079316730124812,-0.5272151620067478,-0.6102313500438289,-0.6134183238403491,-0.5230343406414247,-0.5226415698168831,-0.3044099702274293,-0.30096006140652787,-0.6431557377384671,-0.3743275721658006,-0.6075402402775121,-0.5570586255467591,-0.5582861345015617,-0.5678306976237639,-0.5741963790313941,-0.5711062094896314,-0.5645340022440298,-0.5291795755989617,-0.5695572540319389,23641
0.06713914761169586,0.0698025709521018,-0.14505374011497232,-0.1526958739404247,-0.252259161821891,-0.33598797071036157,0.3223287124304202,0.06713914761169586,-0.1953712156257485,-0.07291325719249683,0.18323681376518253,-0.07070615052407563,-0.22153155482044165,0.13871326637911816,0.14977028332050288,-0.10799419660460842,-0.22279330651993778,-0.013169855283833552,-0.5261203143847664,-0.10752973345730413,-0.2807239734198533,0.046491988812364084,0.0449054726971464,-0.22453208880357753,0.0020214005141149733,-0.11084452758128303,-0.005207498965535796,-0.3189828567926368,-0.2274007485370109,-0.19105610651260452,37811
-0.3990739080006929,-0.4096459059163985,-0.41736315565146015,-0.35561886420524935,-0.41997604577125563,-0.3848964526264251,-0.5481628853774971,-0.3990739080006929,-0.34679838781865585,-0.32865303877242763,-0.31667230263146007,-0.4588778503408529,-0.21544919651291738,-0.435491701187035,-0.4359139718187539,-0.4139329258920321,-0.4438197779758204,-0.8710756294305051,-0.5945593446613613,-0.4199081912139929,-0.5761776190321892,0.7822782465384748,-0.38192222392308517,-0.36504213656082085,-0.40076614835969687,-0.29428003957014126,-0.30137129091292736,-0.2515737803798441,-0.2606322230839256,-0.31384368115429334,38899
0.37754274973530244,0.3774470191970161,0.7013479961760876,0.5605622292375669,0.6430809130001945,0.6602988848618677,0.6476616332700139,0.37754274973530244,0.029227282464577002,0.7509273224871804,0.4099919577046128,0.4276985896269756,-0.20273036674697156,0.43222865205480615,0.43445912898604633,0.37105668703350314,0.9413668126043856,1.4885628404880746,1.2896765936085965,0.14765254348396972,1.1352485324641992,0.042598939829686246,0.41795978910526155,0.6376872037201474,0.4021461631473953,0.38972476758117974,0.40174713055945005,0.4933458172275689,0.31361383011608734,0.28520841138002734,74849
-0.6054149056931875,-0.6431891210728998,-0.6609515644330052,-0.6492093712708374,-0.6872441795502138,-0.693823023070606,-0.7335909796682714,-0.6054149056931875,-0.4810912268557566,-0.6095871752049492,-0.6206857008325717,-0.6538045763761724,-0.42061925539691597,-0.5877005945104001,-0.5917133613020122,-0.4830061770703735,-0.7113553707645228,-0.8694490192055473,-0.7005303884066255,-0.6154506301275495,-0.6640552994294433,-0.5686097504507337,-0.5854804027425535,-0.6692120307242548,-0.605745848889401,-0.5299173955525226,-0.5015994367922725,-0.6059487289290136,-0.5269572850410256,-0.5732988151202997,22510
-0.5121653013701504,-0.4939067519785823,-0.4914938994158392,-0.44254104638455116,-0.1884744365616161,-0.2486304312705405,-0.3832819375698792,-0.5121653013701504,-0.38602285249294616,-0.3133520926429698,-0.40415783441625497,-0.6947245387344568,-0.4502385362652306,-0.5889728843096637,-0.5908165589070986,-0.5318722845810138,-0.5094146057816541,-0.5487654990202698,-0.6161260811135026,-0.5200271622053619,-0.6470649503300051,-0.40510169317826467,-0.5358832992507889,-0.33930472501840964,-0.4973454662370991,-0.3693117222697676,-0.4563525501421461,-0.20913102856438204,-0.404412364505948,-0.3899220899509623,40301
-0.4042847874444899,-0.43641613087106196,-0.4324873174445948,-0.4423129041741068,-0.5284035400437834,-0.47646978046926747,-0.29908356476427345,-0.4042847874444899,-0.3820038644989715,-0.4371582738564301,-0.3575082861226253,-0.44703333745028917,-0.41506523753559615,-0.3515093483491773,-0.346259131959481,-0.4568784690159574,-0.5637220133899451,-0.1839041792789488,-0.330664623051438,-0.08297692236232806,-0.2925770565117835,-0.46739047690111,-0.4039526562385789,-0.48419504119943396,-0.4169159164418588,-0.40841955533944263,-0.3852459875899128,-0.3665657342604905,-0.4641570000149057,-0.4430683501415491,32341
-0.1785074173325951,-0.2013383168318091,-0.09142629352039941,-0.10309395501964638,-0.07396597924531018,0.05904207553476697,-0.12118419590244199,-0.1785074173325951,-0.20988820072853961,-0.022492321400269244,-0.22507601118849846,-0.0995247213659081,-0.2582769885363429,-0.12433264961861877,-0.1280313544102456,-0.039607387674002126,0.6056571480717592,0.43306218740365776,0.3960096333884897,-0.5535637249913156,0.2024316707946917,-0.21044924404437296,-0.15482572494119526,-0.02848706659671598,-0.16170765861707573,-0.19797663772002108,-0.1829221601217026,-0.24144038980798638,-0.21806918587012186,-0.19021123787974886,42859
-0.681942255435523,-0.7184626171967479,-0.7068083210028295,-0.5940654978213481,-0.2970327042329349,-0.3782259013558218,-0.6209711366787578,-0.681942255435523,-0.44146629362690654,-0.47675124440118966,-0.6204297577280606,-0.8415065910583863,-0.5426723416463142,-0.7690336981504361,-0.7728264148996548,-0.664055319910498,-0.74477094405849,-0.7502631468182351,-0.7621302911369009,-0.6857719691659819,-0.7944068479771546,-0.6231124362082234,-0.6831963070204555,-0.46500402351327036,-0.6642101541998173,-0.5575828889457035,-0.5837924136757242,-0.41519761696352614,-0.47735699439375756,-0.503416109631239,32863
-0.32047222376812623,-0.38177446417087174,-0.27586656413657706,-0.24678552389785358,-0.23975395556250859,-0.18013721082398562,-0.25541057700061814,-0.32047222376812623,-0.32216242048904237,-0.313667908296021,-0.26869602885730387,-0.2709590943180458,-0.21534610569414578,-0.34410387331169917,-0.3479140156816856,-0.25073128149301943,-0.13468985225077748,0.17071496045426374,0.12054723960540548,-0.4335972170621328,0.02569926477388898,-0.3077754686113188,-0.2967742785415069,-0.21436303689648054,-0.30445371843958363,-0.2617530841266427,-0.2548264615503557,-0.20663439610464898,-0.34017170597005475,-0.28914133160318034,40685
-0.3475170093906476,-0.3847370925695168,-0.4010543920232968,-0.4262383842632145,-0.47673170084651817,-0.5472309883478275,-0.22357565927053707,-0.3475170093906476,-0.477186658448799,-0.527288194106783,-0.21122374357292284,-0.3697008298723523,-0.44138561220321965,-0.39232739873260875,-0.3939909021288544,-0.34473096679224047,-0.3972168120151405,-0.04981261743141471,-0.5863446072918751,-0.20792267415527738,-0.5412861054359014,-0.6815081709483909,-0.3672575374320144,-0.48208760389444794,-0.36108271204371145,-0.4945290487097993,-0.4935616785995882,-0.5450854451837563,-0.5502090288416531,-0.4566667119465592,27140
-0.4067144521253028,-0.3499386419782372,-0.43456595840039997,-0.44901458160590996,-0.5304468743998917,-0.5886417706357329,-0.3498506216688658,-0.4067144521253028,-0.4406939614145413,-0.5272044062804633,-0.3715224769267691,-0.3147930235887495,-0.5448887942499034,-0.34441446170387235,-0.34087245613643713,-0.41247423611559514,-0.46909701725563735,-0.14670623841487726,-0.6274414811619132,-0.27899663971788674,-0.5894043486018212,-0.5569306035027002,-0.41327102138883365,-0.5058616308084165,-0.41467235146757114,-0.5381725258688881,-0.5544787440438211,-0.6121378598165872,-0.5634913302782063,-0.5089278716646306,23641
1.131497657550686,1.170387050238692,1.2908699420900596,1.3537936831017425,1.2959997998135981,1.4539077106280858,0.43782632564480334,1.131497657550686,1.4971876765484906,1.8244878506865887,0.8954690170040324,1.040398263384158,0.8039579217338508,1.1515233031116807,1.1625044144098324,0.877908481704885,2.1036602221097542,2.9120249658352453,2.552501672130396,0.7754845045398713,2.3337186907817786,-0.5491445055373445,1.2212297779922117,1.408715816707618,1.1971737025829823,1.0846073783381218,0.927103457753279,1.1961793247994816,1.52794129429497,1.2051094252011987,112422
-0.6489816001506569,-0.6733553565180965,-0.6422214448527389,-0.5370014274339522,-0.3086224967007808,-0.3061305832231411,-0.5617967372003548,-0.6489816001506569,-0.46204036561741396,-0.5575098185385553,-0.6058880107289043,-0.7155557898025781,-0.6209955912080353,-0.6903930914550745,-0.6910962602555673,-0.6554747918138096,-0.6990786462618152,-0.7111442064667578,-0.7337848983356589,-0.6535941187396204,-0.7658017553436741,-0.7009734158617801,-0.6643343479023036,-0.45876174086305865,-0.6280413519880391,-0.5755577174422992,-0.6706640212668273,-0.4426815541252935,-0.5237781749373114,-0.5081634667110945,32766
0.6353461433275812,0.5470344049899611,0.7014895523702105,0.8438578190568532,0.7229344196369046,0.7116087652353484,0.25968902566507274,0.6353461433275812,0.5111911878772423,1.1777618454119243,0.9697656439135148,0.06146191622393296,1.5438278417052593,0.46344091445379787,0.4444118771335202,0.8682124849556271,0.5344577528255265,1.4484668689038658,0.8876221280458945,1.490158811786357,1.0486195763127342,1.2299788795464257,0.6720360282343967,0.832056946651653,0.6112668923477292,1.008359523645815,0.9571674331392201,1.6454472869232113,0.9093111602295112,1.004070922421212,110071
3.418192023090839,3.4527547617330105,3.0212901106788475,2.8571938143774758,2.324369114555755,1.6756635170680225,3.331165752659334,3.418192023090839,3.307849036196915,3.269273566004102,3.052834338242012,2.5926194701418446,4.061292749755323,3.2885435745887928,3.2793976754233456,3.3965937965663047,2.442401392691289,2.5962929476459182,1.5994095557953891,2.716470378009373,2.241203531142647,2.5224711417954664,3.3076875112703585,2.374690383332767,3.1793176573734483,4.024204765941012,4.336522988816737,3.1965483878726637,3.7724341810459943,3.1094030918181903,214400
1.0882692827959515,1.210897618893546,1.0436979264994022,1.0619427603907927,0.8984159741394806,0.796218037551681,0.971560321281601,1.0882692827959515,0.09695652675449558,0.4067398224006998,1.0792309427142759,2.1313698149884037,0.4225798808644992,1.3320050951948565,1.3476501480578058,0.9508858731672195,0.8154641612885255,1.0629172508573033,0.6034845369039356,2.088620120489178,0.8878321029449531,0.7005242179022402,1.0101626994388018,0.9599757234221445,1.1482503370790287,0.7057262526926333,0.7220931907174496,0.40243902354670025,0.589311608268927,0.6845898836827944,83688
-0.22759118001510742,-0.26202601894506156,-0.3488201563919338,-0.39962179304470563,-0.41142673482529873,-0.35490565411379255,0.01365495751613365,-0.22759118001510742,0.14127981427523417,-0.3206545239676015,-0.21277507218597938,-0.5781578347806269,0.20668193365208126,-0.3510677889482564,-0.35472111708447307,-0.26094210992807854,-0.5616734622661126,-0.4829419204782698,-0.5797678040537777,-0.34966610521101577,-0.4936287817882477,-0.2610588808191848,-0.21456098830505702,-0.392518850790385,-0.2745988272173679,-0.14061977291932642,-0.060156615193741304,-0.39111245676374834,-0.02515173100040149,-0.14466879538486296,40686
-0.6188702015801628,-0.694868159374445,-0.6192073878187523,-0.3958859643486792,0.04103287831646175,0.16275580669010736,-0.49485435195098765,-0.6188702015801628,-0.5075722100260204,-0.4870313661688751,-0.535440977044414,-0.5861571957399266,-0.6034250497836512,-0.6711946125870699,-0.6716460035205647,-0.6423465838258765,-0.6573361816671703,-0.6754068711189828,-0.7078897998251568,-0.6241978558456781,-0.7396694064519603,-0.5919680443468007,-0.6249221678930789,-0.1736921645524091,-0.5751902244459928,-0.5538924360023968,-0.7037378438729904,-0.3380327918635412,-0.4735194278284327,-0.41369910718990005,39011
-0.10771071194049259,-0.05520329637202336,0.010278106793926043,-0.04605840240855593,-0.025710595091457907,0.2267397344777344,-0.0705248061517593,-0.10771071194049259,-0.09433156906548457,-0.2627120194588292,-0.3362284451475668,0.24527061423252883,-0.3767347824810816,-0.11696646588376501,-0.11730684821050387,-0.10619228570430386,0.19330231337395032,0.572407356798913,0.4769088336989538,-0.25642683737106176,0.36390028976739813,-0.3544920564034528,-0.08047731049368939,0.04194402166434754,-0.1004002044283253,-0.15937850007433427,-0.24101479873320575,-0.16868138669576568,-0.15752205654857612,-0.11847786776633759,46990
-0.45742460645140864,-0.4170062968540395,-0.46755600195705027,-0.48339751390496233,-0.5319834618356851,-0.5091554816952237,-0.3241607070563699,-0.45742460645140864,-0.5592612584609831,-0.7367899859930617,-0.4954093861674262,-0.1692672682945545,-0.6746543623786518,-0.39308890159775617,-0.3878598217034965,-0.49682082730604177,-0.455559539524445,-0.48450600855212433,-0.6854740945689516,-0.14649249618506235,-0.6199123487398579,-0.6231124362082234,-0.45890371594633383,-0.5150863373915071,-0.47061645451463774,-0.5469534812112666,-0.5288950426719351,-0.6674204357106764,-0.5867739392254719,-0.5707239773820729,24502
-0.2749559383979704,-0.28965590345904413,-0.17361829002377926,-0.1768124067694808,-0.2029412438028625,-0.14062086509693156,-0.11861879334632272,-0.2749559383979704,-0.2616773663021422,-0.22743734457823842,-0.33757606394274725,-0.19138692622064626,-0.3521540653802288,-0.21869164837811708,-0.2154744724589687,-0.28316567769850143,0.4035212583422328,-0.18121458748730462,0.517403072645969,-0.4820581472718358,0.3351294541963536,-0.6698290240003574,-0.2708347901367625,-0.17657855336759246,-0.263153111715733,-0.27576003052510256,-0.251424213044976,-0.290072272511022,-0.34378292812670086,-0.2877332172150876,40012
0.8218633074886049,0.8810085914731937,1.0464321961437768,1.001390015368685,1.1460517514249509,1.2194244923638378,0.6257254475790106,0.8218633074886049,0.39764405021117455,1.2712239430628374,1.0395702081723959,0.6810130245809772,0.691144350116857,0.9157511641784505,0.9296757560388317,0.5841541023147587,1.3399064076142668,1.034509615623673,0.5311073230248458,0.7823187027862142,0.510679384407474,1.2338719285291035,0.7928522017115937,1.067860507584478,0.8535365682431195,0.9817134211006102,0.9180049224600582,1.279659161415262,1.100109208363422,1.0614012939364175,111793
-0.2775831137432289,-0.12822462654294456,-0.29718194684108845,-0.3551055442317495,-0.5133645991828267,-0.6531059781148433,-0.4366356646165483,-0.2775831137432289,-0.3454468064470167,-0.562820677683742,-0.38371894935601836,-0.16810328702099858,-0.48702262903817123,-0.308098071992541,-0.30976962972111766,-0.26270111818789965,-0.6028661231461381,-0.5251651952329262,-0.6096492546582624,-0.3917097713401493,-0.5311295184244001,-0.5530375545200223,-0.3323327553064948,-0.5265091811129629,-0.32505649380911505,-0.4286234948358853,-0.35184444522911235,-0.5709119540739361,-0.31232105532036497,-0.4239984581428071,29483
-0.20379445254426004,-0.22601978219606095,-0.4294028824779161,-0.505299166107621,-0.43537461347888734,-0.4092039414565036,0.10271031526477555,-0.20379445254426004,0.5256938705316562,-0.39432980417224855,-0.46660795191694204,-0.6940422048844413,0.772811608112482,-0.37064608374162944,-0.39013211186751534,0.0676921161750859,-0.5420652886148559,-0.46284316281509474,-0.5655438947238288,-0.3296528432924936,-0.4757780060711536,0.003668450002907908,-0.21006213810859029,-0.4644118069541477,-0.30967692293702903,-0.01643474100889105,0.05408821611364917,-0.28770152067951077,0.06573583746629948,-0.07128591984540018,46347
-0.5367577416613962,-0.5653721693933805,-0.5729781149486044,-0.5620780587319616,-0.6199285725225838,-0.579222952241641,-0.46117845881146347,-0.5367577416613962,-0.4230876474622892,-0.5452445698088342,-0.47684045276871906,-0.6331539430918788,-0.44664324396057115,-0.5616149115966762,-0.563127052282442,-0.512566096363465,-0.5624415862262917,-0.5785619659604738,-0.7373428529553567,-0.26891016739792273,-0.6859025548872765,-0.13258826439081628,-0.5240988694192296,-0.5819374498762526,-0.556196088819025,-0.5083585694859848,-0.47959046800715427,-0.5526173027723628,-0.47441451708093474,-0.5584934981254958,26937
-0.5357900339083226,-0.5511913389768444,-0.5601561038914691,-0.5127898353505442,-0.5443415480214278,-0.5627333495007095,-0.40460933861285003,-0.5357900339083226,-0.5237768840373134,-0.5879247994926039,-0.3320341122307843,-0.6305410058191723,-0.46182981020086206,-0.5663841273295037,-0.5747464070592436,-0.3667829240007296,-0.7481294640643867,-0.643121311386202,-0.6725601357953269,-0.3019895025023482,-0.6339335457433204,-0.6114332892601899,-0.5429188367239227,-0.5415280064636858,-0.5331730418368184,-0.5173879206995474,-0.5010086788135183,-0.5713944964821198,-0.564304112473007,-0.5304921377222798,25990
-0.3832343087338301,-0.34946263213960593,-0.45305766754845916,-0.5379520199774703,-0.5717712684178248,-0.5279130718681603,-0.4322731510470232,-0.3832343087338301,-0.137996943960875,-0.31590439873701587,-0.595535373317867,-0.2632085845275753,-0.2663502882813936,-0.3538686975210469,-0.35497120576976493,-0.3196758247499104,-0.2711661762337166,-0.5999850015985403,-0.2536965494819618,-0.5301613337245656,-0.37594415628626027,-0.6425776811216125,-0.3625525456058411,-0.515427795587758,-0.36589888193962933,-0.5293496335612446,-0.5023238699341024,-0.5729680043348928,-0.35578947016888335,-0.41635440860744644,29169
-0.09592811402513873,-0.152970033527311,-0.16453634262189204,-0.07758005115161859,0.05924307409809841,0.2800507802323961,-0.7312807881436417,-0.09592811402513873,-0.2709453528505251,0.04828261097023455,0.07335364867134228,-0.10480678811073423,-0.4104132643385279,-0.15263361359458982,-0.13899031875244844,-0.44791181715491807,-0.5746227587105041,-0.7293006647261767,-0.2770128901589316,-0.2155376137054715,-0.34253975187126384,-0.4751765748664657,-0.0664110073444058,0.062452854576666925,-0.0801520610020409,-0.1685304362632865,-0.2563356972625014,-0.40288229550248994,0.008789641919187198,-0.10805782129445116,45399
0.5529964816060593,0.6701007098372755,0.5558207782917041,0.5508186556665056,0.4480977754029215,0.43363355268676695,0.0878828201800551,0.5529964816060593,0.31976006757349074,0.21146262533654134,0.437696492935764,1.0913806431659068,0.06669748811259839,0.5640060680135274,0.5808723774994451,0.1777373890151142,0.24986547884823754,0.1539000452328087,0.3520223556325093,0.5018786439948048,0.3967407410688764,0.046491988812364084,0.5439543166694395,0.49988748039564557,0.5924640873568089,0.28789213815690934,0.2772653690216774,0.1065566069112768,0.31164874911346796,0.3360614567100059,62250
-0.5857082555224404,-0.6102023497182018,-0.5555592527454769,-0.563931714191822,-0.5986125085196626,-0.5057935238548397,-0.522643111452661,-0.5857082555224404,-0.4661022609565201,-0.5882470603630643,-0.5390346271648951,-0.5935103464059764,-0.48903290000421734,-0.6099506978822266,-0.6125664592560738,-0.5353044958196891,-0.5435764959346779,-0.33004899939370513,-0.32370573786322787,-0.6544640835187463,-0.39591410435690894,-0.45960437893575434,-0.5649597669927812,-0.552347963057386,-0.5780138746607806,-0.5780545798357603,-0.552253699393915,-0.528532142572585,-0.563192967194039,-0.5665800978971142,25001
0.12933988647844877,-0.014337496494309926,0.17150316157394238,0.4403788139605641,0.3907372933582509,0.6398336335636567,0.28273245504998656,0.12933988647844877,-0.3150612548697953,0.4779917008594849,0.1583580993409794,0.4004694552828264,0.008728232082094493,0.18410407598225562,0.1829597872037262,0.20403670763146406,0.28775530553535383,0.9606248966011024,0.4190358264348426,0.608692685109625,0.4389051547162731,1.2066205856503587,0.16220101435958617,0.516714967129635,0.1859900724062886,0.2857339974059721,0.30383222965747547,0.2866708057920192,0.07961486507118735,0.16137480890718386,67212
-0.3068723387344514,-0.21223681074912698,-0.2786753370410163,-0.3857716596856458,-0.45193379510078857,-0.5809306133669154,-0.3841871391971938,-0.3068723387344514,-0.3835842850446448,-0.5023258670809236,-0.34381794169561786,-0.11471267012154795,-0.44752595909630294,-0.22544226837185657,-0.2220588386264181,-0.2933765061335606,-0.43426779179099356,-0.21548283161967816,-0.5199901194141427,-0.43544621177402604,-0.5373768142197252,-0.5880749953641229,-0.30594376362586245,-0.45826022413731515,-0.3165684818341484,-0.38782850539440133,-0.3631766493763088,-0.4295480085808153,-0.3744320187382361,-0.396399416136189,30401
-0.1241834793661048,-0.16998560910226299,-0.11936501604466287,-0.1162596617473731,-0.17650867057224626,-0.2847848191572105,-0.2460634729723121,-0.1241834793661048,-0.20592642252807347,0.027754593521909753,0.034126450408531975,-0.3070866648121035,-0.016535461693120108,-0.11025326617823916,-0.10757097384480646,-0.16604146917870521,0.02843213256933644,-0.08829414231871723,-0.28247078807047965,-0.14125978191680275,-0.3103527136095719,0.5525883565604826,-0.1408672644037489,-0.185371101921053,-0.1250111738230778,0.06632947290149263,0.016223648146932335,0.13624345506692626,0.04302937792294323,-0.09003395712686381,52448
-0.6376063089165283,-0.6265003582229783,-0.6175459651193095,-0.6119556494903602,-0.6209420663632136,-0.5996348391296871,-0.6063190991781864,-0.6376063089165283,-0.4855392883010453,-0.5288866080242663,-0.48591337465720125,-0.8086060583020491,-0.3981325705523613,-0.6829015497547052,-0.6888786769914559,-0.532387116266815,-0.810183489684248,-0.5502527413903197,-0.6040813806284705,-0.4360314655796183,-0.5935781423917615,-0.4634974279184322,-0.6191559284176754,-0.6054873948489315,-0.6370497345463957,-0.5635637453765522,-0.5721368018759251,-0.4223308525627634,-0.5607237554629989,-0.5557577330286299,26844
-0.5324814940220814,-0.5149151264984708,-0.44359575352024194,-0.4628647149649697,-0.4424036836638997,-0.4910115822391827,-0.4309691821830061,-0.5324814940220814,-0.4959157145986561,-0.46337741827708484,-0.5075013920234057,-0.5195172609645862,-0.6814132541843646,-0.4898933161920154,-0.48943099665335504,-0.4862238751066316,-0.15479758067906807,-0.5165044009040461,-0.024441828872520176,-0.666737916122235,-0.15594039953075825,-0.8683745221169269,-0.5254063417928314,-0.46247509874728715,-0.5247739925142814,-0.5311206638635833,-0.5687173049624066,-0.5827866933361959,-0.5778642002293022,-0.5411133433924651,27656
-0.664448858739091,-0.7026903509018029,-0.6866998911113663,-0.5818789014134451,-0.1827694470393619,-0.11708716021424305,-0.5647755284585223,-0.664448858739091,-0.4088781649996065,-0.6521707266275809,-0.6771028737269277,-0.6440793121491863,-0.6272648016245831,-0.691190143594025,-0.692067307728927,-0.6524287043394853,-0.7205204100367035,-0.7295013283971299,-0.7470863789785087,-0.6686940349179021,-0.779225103956258,-0.7671552485673032,-0.6707934522997764,-0.3972245715574677,-0.639058096891657,-0.6478925306833552,-0.6734237665690366,-0.4862782116994557,-0.52246126201409,-0.49428348202846584,33023
-0.3530425828596141,-0.38509232379237596,-0.4013673057155685,-0.2982506042039275,-0.02546539496872492,-0.14745150959802936,-0.271313414400313,-0.3530425828596141,-0.1747470850659211,-0.04778979973140733,-0.3239954094176731,-0.6723881394677719,-0.1805658407110781,-0.464034026021984,-0.46669832592389704,-0.3924387030098278,-0.2888278918263452,-0.35991269715996366,-0.4792842646428128,-0.3646835564160026,-0.5089693917572203,-0.4868557218144992,-0.38879742901755826,-0.1974235091918463,-0.34922508727466256,-0.21224165775088,-0.269371181713405,0.037909704320969385,-0.18918969699916538,-0.18208440626847064,51440
-0.08239532591574932,-0.16693062058567454,-0.22480202968822993,-0.2523655021283053,-0.279460028770404,-0.27032306400254247,-0.00022214232111255735,-0.08239532591574932,0.3780783008312551,-0.22028315325401848,-0.04688737716219876,-0.5474006330590444,0.4612324947276751,-0.18414149627046925,-0.2159785574652601,0.5201433627134635,-0.3415976206744196,-0.37369938657931745,-0.2154302067977441,-0.11117842649390505,-0.20285211837192002,-0.41288779114362034,-0.08401321205879528,-0.2604919050962499,-0.15294788401893356,-0.10533465552956275,-0.029575187563635877,-0.12382592283938511,-0.0862441445792186,-0.04412942807503977,47503
0.38212424112876053,0.2813711826625379,0.44314949809585436,0.6342331513602254,1.391121100759149,1.968554082257673,0.4642207290421403,0.38212424112876053,0.2142723595679381,0.5639064489242163,0.5090262691643842,0.46828942624584075,0.2726536144897304,0.34470259792311736,0.3506852808668395,0.20360768122662964,0.7303102637359251,0.5126108225989219,0.15294201061910606,0.3530232957476093,0.12904932807131114,0.5097648177510263,0.35036919354642365,1.1115884978418584,0.4440816951029699,0.5484239219045866,0.46033566090494393,1.026135576176486,0.7185234004778128,0.7479952629866284,104031
-0.1628095721311239,-0.13068993122958686,-0.08876652713608954,-0.1679433783384562,-0.2697174105604799,-0.42262509061295744,-0.6881129055464762,-0.1628095721311239,-0.08747354506864877,-0.09190731289743033,-0.1327745703759657,-0.24150234064002235,-0.4076298122316947,-0.07923371826354764,-0.08131361570701649,-0.031327178060697854,-0.08068821972554081,0.2035690965297471,0.2231200292241522,-0.4054121198242062,0.1506750368698699,-0.7048664648444579,-0.14743516577245572,-0.2515286274446639,-0.15974073093185015,0.0008368368394171128,0.12700154941842254,-0.2802955437191262,0.07576701012364988,-0.09502270524467817,38151
-0.5177976629017119,-0.4981126896572343,-0.5219657327823025,-0.5509751378236692,-0.548951310328808,-0.5548354167963152,-0.6151783779535931,-0.5177976629017119,-0.40467324517672904,-0.5674225629139159,-0.48586114137056635,-0.5493633463099714,-0.3722567750406903,-0.5354469040488822,-0.5385656080417873,-0.45185886007939474,-0.6690586058524991,-0.2992103954461931,-0.6668274606857199,-0.5270598629092009,-0.6275508339626508,-0.49853486876253267,-0.5176922547885802,-0.5549942640783304,-0.5158765086048439,-0.45081460130180084,-0.4204284280910451,-0.4856278284536429,-0.43867267727412934,-0.4756561402659816,28630
-0.5819980791175897,-0.5844196675630867,-0.5905906856279001,-0.5612320313682304,-0.5514850449303822,-0.6779204288414876,-0.4890230457262751,-0.5819980791175897,-0.4155073498224081,-0.6241211404627113,-0.48434115272949074,-0.663557936702865,-0.5761188691615243,-0.5552534626003585,-0.5559135567660554,-0.5250936673846299,-0.9249543281363278,-0.8356696966449457,-0.7313732443551331,-0.6896848940465126,-0.8053369557914899,0.23725138896357795,-0.586068288130976,-0.5923412542932721,-0.5765831602230763,-0.6126558020996664,-0.6576328489179585,-0.5284482221537704,-0.6006015249192965,-0.5629190004880731,25303
0.1678487958827441,0.18898264622133734,0.319742298124681,0.3893319943736382,0.35907378417599756,0.2781830258766272,0.24677561331652417,0.1678487958827441,-0.29071133650772446,-0.039269222316435475,0.28086604981447516,0.5939793351472313,-0.22544900593376235,0.23194591446338608,0.2399467925467517,0.04971590981252377,0.04063238412235154,0.7144283627863626,0.3397874993778428,0.7827570207592215,0.4455152920182552,0.540909209612449,0.1738966887672441,0.3589879568833036,0.19143385553510064,0.14721620113617304,0.12116296326343624,0.2677467513493367,0.06004636210269458,0.09881429823620545,62896
1.4706357537562826,1.435112462137767,1.3021050337078166,1.1049190492832492,0.8455998677027947,0.5937267831812466,1.323109529486138,1.4706357537562826,1.83729989895674,1.29908661792284,1.1506651855161658,0.9904474118344916,1.4900981955967374,1.5201131420159708,1.5299862916319538,1.2604284242552524,0.8376420063831332,0.951383517036211,0.4353056329269236,1.078558029162449,0.7802719507886866,1.338984251061405,1.4244443874288357,0.9100534680734004,1.3527133230247579,1.5978416370105692,1.939977416786428,1.443345938313055,1.361897093764736,1.3942393034418867,123684
-0.2102915138747106,-0.04257837871161015,-0.2094543581149012,-0.3983479990363913,-0.4746556731407122,-0.6411523502379222,-0.14304993271496116,-0.2102915138747106,-0.39267349098831356,-0.4888553626956807,-0.2112498602162403,-0.1034983126101162,-0.48253817842160673,-0.12004615560374705,-0.11367079318450289,-0.2566518458797344,-0.547418777072039,-0.46833059228627527,-0.56942735368654,-0.3351169302885711,-0.48065168371977446,-0.7360108567058806,-0.26562303347089383,-0.5334397154399927,-0.23278638057542883,-0.15753972544349085,-0.09072941861977733,-0.4261492316188258,-0.36830014293948654,-0.3959970977395911,32828
-0.48641331282400085,-0.4987450012339235,-0.5391387342272165,-0.5572585545363244,-0.624047934584498,-0.6082265091662242,-0.4089359631310719,-0.48641331282400085,-0.41876830805239473,-0.6069639717194019,-0.47152832751794965,-0.47899867145925207,-0.46884642905350393,-0.4730822517120406,-0.46996901701122945,-0.5280968522184709,-0.5231704845789601,-0.20703156893487662,-0.6625251251148674,-0.1392424400355511,-0.6055123067575617,-0.3233476645420302,-0.4866669851583434,-0.5924426246952841,-0.5075201126088144,-0.5031777413155734,-0.4662358880056827,-0.5944516315514193,-0.532440992760377,-0.5617522771379391,22309
-0.17466399210627617,-0.23582416394697273,-0.29999071974552777,-0.36462097559236645,-0.4152355100650845,-0.5004037184281922,-0.032797437887337924,-0.17466399210627617,0.3222629960394892,-0.15333023480717453,-0.20010327684835252,-0.6985375808374849,0.25758946859673076,-0.2989394564522542,-0.3308513243640787,0.4102267977948855,-0.4274871627093896,-0.4503149414277066,-0.297833049329339,-0.20020374509164954,-0.2899222265683769,-0.49074877079717705,-0.17264647795744958,-0.40414977060018115,-0.2443442133924545,-0.1056024069231768,-0.13516563008737975,-0.1725417259612353,-0.16098924135424492,-0.16502610625271832,42090
1.0300934143592189,0.9244533700288643,0.912385930635364,0.8279639117292292,0.6436040065953582,0.39582486808498735,1.20121170212268,1.0300934143592189,1.275385307115895,1.1683067114726176,1.246957249427605,0.04109625766523407,1.1628106187016083,0.7750845587545807,0.7752420852354092,0.7497582945808442,0.6939776430029652,0.5500588682993494,0.7781057164824421,0.9622050825427936,0.8469573012950218,0.5448022585951269,1.0131221679282467,0.6608636787906769,0.927697297708248,1.2915275908752961,1.3341313930128549,0.8889466715193893,1.132898282475192,0.9879379547176351,93262
-0.5643487529492268,-0.5522428233965073,-0.557287728378978,-0.5381516444116091,-0.5740924962463637,-0.5302344237103301,-0.5552223946912533,-0.5643487529492268,-0.39681404979349383,-0.36470113974212326,-0.5039756451755499,-0.7526948198860706,-0.4006260797313993,-0.5882525437615512,-0.5950973738248676,-0.42135508269566757,-0.6520739700921007,-0.9141869110911149,-0.7703604906020075,-0.4470105547433538,-0.7113686875292947,-0.31945461555935234,-0.5448943606752774,-0.5425096987779071,-0.5689567454435585,-0.44355305447017185,-0.4042407970527744,-0.3860352714254677,-0.40830137298233615,-0.4941225546698267,28767
-0.5361850552372139,-0.5141336178081807,-0.5406660510585429,-0.5526101569985206,-0.5264419390619195,-0.5913366733490566,-0.4918808775893095,-0.5361850552372139,-0.3802661170211497,-0.5653729837777881,-0.5237146041948788,-0.5799519714333148,-0.5232203927793484,-0.557648361046031,-0.5549561860176725,-0.601031341040322,-0.7320719768625135,-0.7380311576069425,-0.7320150835998523,-0.45596769415047994,-0.6979524029988236,-0.5180001136759219,-0.5433311199833358,-0.5672334063001985,-0.538938552914143,-0.5054681448031152,-0.5075975707225427,-0.5559950996296487,-0.5082941597072475,-0.5304519058826199,26440
-0.040178130160808456,-0.17169782359644395,-0.14240887438267538,0.11264302273180324,0.39019785308823834,0.27289994927030936,0.1585164608171649,-0.040178130160808456,-0.10934198863728682,-0.12001490601898274,0.17061202838552708,-0.17458947232467564,0.1796656959577495,-0.11321508199034826,-0.1192508969750772,0.02251563574602165,-0.10327862191505459,-0.05196657470695551,-0.3354920174831904,-0.09326980262681132,-0.2835575869629065,0.10099467456985375,-0.0499988887978131,0.20931722595476673,-0.019191926757707617,0.023498927684460973,-0.04123511146546965,0.08828293571440707,-0.058465512605017485,0.13349414402294718,63461
-0.29488939507334405,-0.22024372251237162,-0.2624485269989241,-0.27997070959207304,-0.2793129086967642,-0.1883019655792041,-0.3998866053061704,-0.29488939507334405,-0.2515869889720741,-0.5726883055372382,-0.33992656184131775,0.055553707828504356,-0.5490381997054603,-0.17193874028400336,-0.15747734328550658,-0.48463647740874427,-0.5394006130621819,-0.5501444539423801,-0.4052033555508204,-0.3162030899634282,-0.40337394589436676,-0.5413584075719888,-0.28267839025092284,-0.23988703706623496,-0.27654381890610397,-0.4017483519419265,-0.49232841741766353,-0.5676810179495757,-0.3713969459854993,-0.3768869739011893,30855
-0.30900337485083923,-0.4073013798455283,-0.31781934987901106,-0.026590267117303727,0.5624264192958899,0.3720510233565571,-0.14342211546921682,-0.30900337485083923,-0.21450074033016536,-0.033481417082967445,-0.20823599957740652,-0.4426142223393062,-0.3005248947041782,-0.38184971803279133,-0.37985698377415744,-0.4148338813421844,-0.22777775230042469,-0.30764531601463424,-0.4414115756985531,-0.32169026522496047,-0.4707497138047243,-0.5024279177452106,-0.3430750246767599,0.17556621736909234,-0.2633517543506102,-0.2939316401664025,-0.3991482045497915,0.19416952415367406,-0.13860172165948134,-0.029243647400916287,62563
-0.489114200283263,-0.46830168543489675,-0.4172514007613631,-0.4607924232201001,-0.4605975327706875,-0.40709604725499293,-0.3489414323691842,-0.489114200283263,-0.2547907374085521,-0.34940019361266544,-0.4826017842845486,-0.6049053217012358,-0.5018934796459741,-0.4562524770879589,-0.4601491284778168,-0.35781627213969025,-0.06077670937893985,-0.4600416090400026,0.06680483179013871,-0.6356378500203954,-0.0732442552056246,-0.677615121965713,-0.4796906179678106,-0.4396720935789071,-0.4754777150700063,-0.4621053227192604,-0.4872185765065418,-0.422708494447429,-0.5235826956752707,-0.4760986905022393,31550
-0.13780793510444747,-0.1656091604366386,-0.16554958695877198,-0.13208702759695068,-0.24990524064365435,-0.3167234186408592,-0.5023804189316857,-0.13780793510444747,-0.1606377197418783,-0.019656425740218093,-0.09273775617031446,-0.2812382530821033,0.39633038113478125,-0.1953189363598816,-0.1982398451702236,-0.12567008448378644,0.5772661635403197,-0.5080245233424824,-0.3145090682966731,-0.20238975856364466,-0.2514417615443886,0.027026743898974914,-0.11624097452898713,-0.19755689129975681,-0.16457152482542772,-0.03803550404069371,-0.03122672264292668,0.14291512836268352,0.08430636736016354,-0.036485378539679064,50635
0.06485407207758248,0.1375167466535077,0.1582192303044059,0.14152202420388538,0.16234155236989592,0.09818487039066724,-0.012639754072027698,0.06485407207758248,-0.08542829495071859,-0.2218364506496374,0.18889367870774226,0.2590778403740196,-0.30967420487015745,0.03330218549572316,0.041636234199587195,-0.1506394212451496,-0.20452851743759448,-0.25143042159952533,-0.08392544512093388,0.03089498952455882,-0.06389897678530057,-0.4167808401262982,0.061108586535842155,0.13243577895515116,0.06378341729678681,-0.08025312438077756,-0.17199098146373346,-0.14950557099663947,-0.06770447983199253,-0.004702225208442439,47805
0.8547398553613388,0.7930746545666465,0.6359266835132722,0.603719130713292,0.5594186311236986,0.4261625352636912,1.2129567264676904,0.8547398553613388,0.7390792490943086,0.8874112463445512,0.9506639309911317,0.3129059536831861,1.2704181039706364,0.7374210386675585,0.7504872130272242,0.4297045965743681,0.3301523177336804,0.43119676428562803,0.0671689876399942,0.560584035941867,0.31826641955743584,1.4713479164724514,0.7943677244336957,0.5371971236203723,0.7803056812958516,1.198511401917859,1.3444071321615492,0.6661379595667412,1.0712708730213163,0.8392410753350394,97014
-0.4947418366793115,-0.43290644638921383,-0.4504649540982075,-0.5414882242393579,-0.5808109796092477,-0.49397330700333053,-0.5125356912263754,-0.4947418366793115,-0.30649408829189195,-0.4078840963838112,-0.5937333249289629,-0.5146044572444743,-0.6041337991627059,-0.5128225977949193,-0.5168489225963275,-0.40994298032707205,-0.4361328215615128,-0.6966800443628604,-0.3934941671043373,-0.6152837581617977,-0.5005067930526887,-0.7399039056885583,-0.4794004927111865,-0.5353017296664234,-0.5003117004290688,-0.5507052266422682,-0.5445695335680762,-0.5863323310311109,-0.4596301118413322,-0.48768546032425975,26228
3.146217948094908,3.0018952936802124,2.956397771162491,3.1946066376992515,3.7991334260707426,3.1334991561558367,3.85545295245865,3.146217948094908,1.8592684596640179,2.989170862617368,3.7882894607187385,2.565900079320942,2.565290333151286,3.1484588546466448,3.1490682554827787,3.046250834378519,3.5086353220553326,3.524124323196005,1.9982577758192357,2.9070559711875377,2.3321512465362786,2.85727335430576,2.954557355989022,3.2115884164907618,3.0709794267112,3.2076468893487156,3.2561603208384695,3.546664375166994,2.3387069661819866,3.2281674824939,214586
-0.519063054192108,-0.5529390765933112,-0.520088250628672,-0.48425304719412865,-0.46115331971554896,-0.3949556439424949,-0.4965437958104838,-0.519063054192108,-0.41823911746244075,-0.44465406170333804,-0.37572725650087857,-0.6422932029535574,-0.3212268197487496,-0.5539213003399531,-0.5589888660680035,-0.4270182312394819,-0.5955053578091591,-0.7547748016600027,-0.5171935496915617,-0.4336222181559448,-0.46691110134440184,-0.28831022369792964,-0.5035772793100604,-0.439074541735468,-0.5158582286077693,-0.37872495801152395,-0.4096740456164987,-0.3119545217169177,-0.3932186046585662,-0.44689037490922945,34842
-0.29397082872960617,-0.3206817984635599,-0.2903797991971811,-0.22294466290641776,-0.27350983912541676,-0.25738219453757205,-0.2765984095107431,-0.29397082872960617,-0.2980556437493828,-0.1881666349039392,-0.1934435328024027,-0.34880937287628855,-0.136803788142535,-0.27351237061109024,-0.2757810143356727,-0.2159801427014315,-0.07419755605276444,-0.48739297763437256,-0.5462635028742168,-0.24033739918288177,-0.42143033916742695,0.37350810335730217,-0.281792744730702,-0.23907607385013907,-0.2904804886757692,-0.1418294930711971,-0.22104976631253626,0.06900221949176266,-0.17251222943243205,-0.23052354121886165,48398
0.010127552565379899,0.17695451701532747,0.016476778031309296,-0.14521471062293667,-0.2162310904549905,-0.34943580207189784,-0.02581103590031052,0.010127552565379899,-0.3149325328344011,-0.41233774161357334,-0.10821447900023548,0.403146612212005,-0.3042683800608218,0.0706813113923217,0.07716445805386005,-0.07367208421785494,-0.09615174064986544,0.5955776811203756,-0.2608270174730181,-0.013278569686085857,-0.1438442010670797,-0.3700642523341642,-0.03420042334335618,-0.2616176500870146,-0.008910037736488154,-0.07633685700912159,-0.0737828576233991,-0.20149427045225737,-0.18966296258094806,-0.1877973275001613,43410
3.873576013134408,3.6925571510362896,3.820747342803138,4.167994390410992,4.0435325617361375,4.1337349780802635,3.4934573718766306,3.873576013134408,2.7382468783533604,4.295996699290802,3.7201877016041554,4.423871070542059,3.6392775967614424,3.863160165325296,3.8698004006796323,3.608361229992574,3.3392618120989987,2.8186641304089117,4.803501962156089,4.823940087032358,4.129195170105927,5.200888841877816,3.9881667570881536,4.2600358080791345,3.9152532782657246,4.07106771166428,4.181326124485784,4.264876299486675,3.5246076303072695,3.9624790199644453,242072
0.5170363102975059,0.47967546051141435,0.3934856249367236,0.5103709429398073,0.7733802582205049,0.8820546913018045,0.38239900896728135,0.5170363102975059,0.4842596775830987,-0.10299953205867585,-0.13775762592093524,2.0009878574360243,0.6978259238084912,0.6966347955291087,0.7031462064286192,0.5340009155896153,1.1564094426931952,1.7519258055811062,1.5233191682911635,0.26381136792813786,1.3569844319973516,1.9112624515150467,0.5671089843543515,0.7346773373083508,0.6791088361574088,0.26251382233086523,0.12638060672542545,0.43669953452774307,0.27890082853054865,0.514650592959828,75763
-0.307162462054953,-0.25956781888287644,-0.3309319236503987,-0.3752295883780293,-0.4802462359390244,-0.5345035765235163,-0.6541950936166858,-0.307162462054953,-0.278826001906326,-0.42741955035111806,-0.38109683836694636,-0.16651786425184487,-0.19615832705028222,-0.27489879228940534,-0.2768458450660169,-0.22438906023618613,-0.43458502555796524,-0.2158635181248533,-0.5202070021323427,-0.4356824591289479,-0.5376008238750776,-0.397315595212909,-0.30881256797261236,-0.4539066321351163,-0.31255053847715414,-0.2950639382285535,-0.3215907373536443,-0.39000051121445545,-0.1601455940128062,-0.2777959528191187,33226
-0.2520267458073199,-0.20303632207707573,-0.20057356951518865,-0.23710849180483856,-0.3599837490759176,-0.4424232867841081,-0.1734732144271155,-0.2520267458073199,-0.3739873421835878,-0.2700015603486425,0.0026402252250139276,-0.348741139491287,-0.4925959764280107,-0.2176008469766897,-0.2172231394381578,-0.2197555750639744,-0.47493102612068744,-0.3450342237280418,-0.4496036042160982,0.11570906318271548,-0.3680434886303281,-0.771048297549981,-0.2746102359104626,-0.33797623922362097,-0.2531551719824055,-0.24323630100200902,-0.21359414189453677,-0.4157221195811171,-0.3398424777392494,-0.35721360430755045,33840
-0.36787856334350405,-0.2708854856431681,-0.3070163771696292,-0.4339286779402765,-0.4706343911278912,-0.544429356814174,-0.28304647572822217,-0.36787856334350405,-0.38450679296497,-0.33038035703809515,-0.3255310680447392,-0.4317169493817052,-0.5992434284472282,-0.3546414264726584,-0.35692893125931513,-0.2944061695051632,-0.6075587631570336,-0.6231112224761549,-0.27180859154579173,-0.237192214306463,-0.39220686789370135,-0.6931873178964244,-0.3549453468540303,-0.47892378029481075,-0.3874363744929079,-0.3644405824582351,-0.3120135587345715,-0.45413669129348044,-0.4516771923909405,-0.46298311077314674,29069
-0.5046920270427027,-0.5540118748863458,-0.46587222827958796,-0.32213899482253927,-0.142883560408129,-0.16911746012494894,-0.40337980629968406,-0.5046920270427027,-0.3971501573303565,-0.2951314630271412,-0.33717909096432197,-0.6746558960869412,-0.42875054372752575,-0.5488283991140775,-0.5500013039403278,-0.5075893900673857,-0.49905464545979716,-0.5398959372032764,-0.6096992399892791,-0.5127313756933422,-0.6405792266224948,-0.4751765748664657,-0.5162960269910768,-0.24385115331333518,-0.4720910409453211,-0.3564854627395336,-0.3787217772114089,-0.16513574900085065,-0.3136276798613737,-0.3319077771615405,43089
-0.07999023193960435,-0.15371601909531518,-0.02869454854591986,0.09149233863852387,0.10109056171119522,0.2299682812927064,-0.11079896783458715,-0.07999023193960435,-0.345210816048794,-0.16012993917388807,0.008375440097526006,0.15189523372216798,-0.22114496425004815,-0.04049997793361557,-0.0315420596982315,-0.2360585784476823,0.03893272945904586,-0.7297296455746931,-0.1288628676973551,0.03874031334970385,-0.028405481833813105,0.7705990995904413,-0.05736463462223611,0.15195224898461637,-0.07393320599726635,-0.0270899561065679,-0.05659913101511229,-0.021380071571514954,-0.13482588538743254,-0.099528671286575,52875
-0.5818790057026607,-0.5970019574767568,-0.6718439410544647,-0.7286789079089567,-0.7450133284661061,-0.7323254450045283,-0.4678976867499002,-0.5818790057026607,-0.0942171494784675,-0.6513199579295655,-0.6193485286947182,-0.8882223774132733,-0.22287817864064563,-0.6402274530758775,-0.6653293103990917,-0.07096921786739811,-0.8065487925268864,-0.7884471100784175,-0.6615066129364541,-0.5931046927759019,-0.6741941222452958,-0.8528023261862155,-0.573415391248338,-0.732616549540593,-0.6277013440424518,-0.6010715219253528,-0.5714339292442687,-0.6173199456783861,-0.531978015560807,-0.5402684747596095,22248
-0.3598250423750532,-0.3217617013810516,-0.2861256630474866,-0.3572063537529247,-0.43493325325796794,-0.4385810492522406,-0.2585435582569773,-0.3598250423750532,-0.36744397205104895,-0.48014787397584185,-0.45068724615062433,-0.21674967679857654,-0.532782066220414,-0.3150226963264739,-0.3207500860597127,-0.1803709511001748,-0.6000646825107366,-0.6165761034185082,-0.2621717749126521,-0.22758231889988773,-0.38362179296674104,-0.630898534173579,-0.3389607813171994,-0.39827562256780247,-0.3730817021234704,-0.4125293779353979,-0.43043681691358804,-0.4367651645988672,-0.446409540698055,-0.4388842388169306,30857
0.06540218779709685,0.18982809653174207,0.14473414023269474,0.04247028116929163,-0.01312365545783113,-0.15889817557838465,-0.022523864645759766,0.06540218779709685,-0.2384358876892993,-0.4599421173979774,-0.2931098670304564,0.8650505051157548,-0.435979787393884,0.15615112068667136,0.17475179839973365,-0.25669474852021784,0.14947559167667707,-0.04053910528462003,-0.19786936787085066,0.17778496335500346,-0.1366077398406774,-0.35838510538613066,0.07859817684141045,-0.007919545556915973,0.0530701203446071,-0.2665984165749354,-0.21496107823953725,-0.31969618035256053,-0.20722523101797077,-0.1787451635767078,43440
-0.508454179938197,-0.5477669099884824,-0.5197827872624068,-0.496040394733754,-0.4558079570399698,-0.3299311101566537,-0.36548229734760296,-0.508454179938197,-0.2850618693987565,-0.2693699290425402,-0.6160369383220655,-0.6530299267699783,-0.6115305654095681,-0.4964512217014547,-0.49544289418962856,-0.5045862052335447,-0.5453687750160879,-0.21066228956739275,-0.39725087575765256,-0.2922588513807319,-0.40774956100666326,-0.8021926894114038,-0.4992759815087291,-0.4478884314261942,-0.5148808580975147,-0.4874094423759898,-0.4854764872845223,-0.4452411268991374,-0.49360234990755886,-0.4965766968890741,30532
-0.6852328398068145,-0.6941861154265555,-0.6998497165127864,-0.6219083534209955,-0.38349026750858684,-0.4219580354858971,-0.6181106463674787,-0.6852328398068145,-0.4871054063983415,-0.5782891994658392,-0.5986275838866532,-0.817347959039307,-0.6215110453018933,-0.7324983997530551,-0.7339513010617496,-0.6799292968893715,-0.7493325755321831,-0.7541685354513274,-0.7649601166365707,-0.6889844032492812,-0.797262600394005,-0.43624608503968737,-0.6999577211062733,-0.5290594470162117,-0.6700938759248911,-0.6191140947504532,-0.6313937080367977,-0.49632768185249887,-0.5508777736854765,-0.5603039309101865,28883
-0.4636901361417195,-0.40470819191865665,-0.46512719567894095,-0.518845109852755,-0.5500465375436819,-0.6657266611188248,-0.3211194422644524,-0.4636901361417195,-0.3498591117713626,-0.5839481003511231,-0.4604026374647158,-0.5407900221709527,-0.5324792369402724,-0.5082030632149463,-0.5092622478698569,-0.4706073139706588,-0.7562157315815172,-0.6823515119052332,-0.7208901559617205,-0.5482274521893118,-0.670735049053314,-0.6737220729830352,-0.5005233292403333,-0.5869045995748399,-0.4909937765869159,-0.4757832252364114,-0.4208984472128276,-0.5337771687484948,-0.4895898808446187,-0.5202330186090325,28102
-0.6311186978571038,-0.6342870266280503,-0.6401428038969338,-0.635169119403074,-0.6376974080833011,-0.6666872205017916,-0.6884093225257584,-0.6311186978571038,-0.40242060955733044,-0.5030026149088904,-0.601056431715176,-0.7870362811844993,-0.33828835025544896,-0.6723770936946207,-0.6777008850496227,-0.5365057697532255,-0.7315378116992728,-0.9764492185450687,-0.7659235133382337,-0.642610978936381,-0.7674066947639313,-0.44013913402236515,-0.6158662515769412,-0.6321157988721849,-0.6349731268787226,-0.5477309280288688,-0.554465807737717,-0.5118109991237846,-0.5001354726126025,-0.5514529261850319,28026
-0.14535208646459102,0.0001133096515991715,-0.10706452780798048,-0.3105037420898768,-0.46027059927371017,-0.6102543567524876,-0.34180615728045455,-0.14535208646459102,-0.17065658483006074,-0.2612876264113944,-0.17217936181333468,-0.2125914540420113,-0.33684507879264663,-0.10998758213192236,-0.10659015728217751,-0.1814864197527443,-0.2576543554162212,-0.003543468929220593,-0.3992450128485606,-0.30392029625746547,-0.41266398007015637,-0.7321178077232028,-0.16194810911943688,-0.44897149414242754,-0.1942960187351781,-0.21406430277969846,-0.11370429826066872,-0.28820504319239815,-0.18851066377312936,-0.27691085234660323,37762
-0.23907703942024144,-0.23962513803156532,-0.1575851884578553,-0.13764799397653202,-0.13124472791573644,0.03313365439974368,-0.13745921605639244,-0.23907703942024144,-0.43787637908424587,-0.21744081237655813,-0.3816139479046319,0.08295141877089272,-0.578116253775224,-0.1822068673698244,-0.17877981934595186,-0.2523186791909067,-0.193492527950705,0.28403969903159265,-0.05248602252328822,0.08826483403301202,-0.050158548069574996,-0.2143422930270508,-0.2299719838444173,-0.08828493321515397,-0.22874284522253016,-0.2646273792074874,-0.2540373468780053,-0.3457534703944804,-0.338247778496286,-0.3060387042602935,38374
-0.15297089496584085,-0.24662319312189004,-0.07953557321407288,0.01251711012303396,-0.0049993580579447555,0.11464779092651624,-0.042522041566389,-0.15297089496584085,-0.279569729221937,0.04879822836297112,-0.024985960076184966,-0.17320473598199707,-0.09560611969093535,-0.19332256398368425,-0.19849970294478467,-0.07418691590365625,0.12352942392700766,0.4869564158230453,0.40110099235984525,-0.2941158147077308,0.29195569714525893,-0.0313689908411926,-0.12946076089331823,0.052337155512734164,-0.12729982945681612,-0.07322061789790274,-0.08458898532236192,0.07817052524725299,-0.10998973072605421,-0.09743661562426575,53850
-0.5464886857369816,-0.5288401904345484,-0.5375220134838125,-0.5948069600052923,-0.6112975282023827,-0.5736997357895814,-0.514175953793345,-0.5464886857369816,-0.2804993883664507,-0.3702698075836782,-0.6640079887675582,-0.6674954043903076,-0.44888546926885337,-0.5754585472213098,-0.5831497776486204,-0.39033647362613916,-0.512688227859528,-0.7415529230862297,-0.458369483962152,-0.654786178657807,-0.5583120739219594,-0.6737220729830352,-0.5240234750268832,-0.5778239456682926,-0.5540487984959969,-0.5592571416358926,-0.5463590559124776,-0.5813810263210522,-0.4831699303439144,-0.5124682735546924,26093
0.15334830002028105,0.029299106921704666,0.22223243135199836,0.41726040330220215,0.38125622194590864,0.5814529688433364,0.03756371180469184,0.15334830002028105,-0.00898170837493677,0.4778176799894363,0.31348051398930704,0.07814698572107748,0.516250776070842,0.12244853810706233,0.1068703047036821,0.4610664267677641,0.23434697308248728,-0.22114636865495818,0.20122873611160458,0.347311176855058,0.36544411844588276,1.595925483918142,0.18872838815275303,0.48691206893811156,0.1802282173283787,0.3886731175291535,0.4248772458735907,0.6899503784053717,0.3758276773560852,0.3742414725471497,79547
-0.36032118160392396,-0.39452016044705707,-0.3675502759722,-0.3623965890405339,-0.40601598545032414,-0.3752108121815091,-0.3610546517960831,-0.36032118160392396,-0.35060999031116213,-0.24500700723573712,-0.2730104983333467,-0.46174365251091815,-0.304474561698365,-0.34356502116142285,-0.3436371083996243,-0.33228920105204235,-0.33457665880841303,-0.8559733015467476,-0.40433818373292874,-0.27565408679086395,-0.3441729216298836,0.01534759695094141,-0.3541560916328852,-0.3723354702213673,-0.3689601721163869,-0.28900243378758017,-0.25331291373617537,-0.2445664254088286,-0.32595316175214883,-0.34944885925321034,36009
-0.5775838575212937,-0.5905793769674639,-0.5620186853930866,-0.5674584125282744,-0.5827562339162627,-0.5141717362507174,-0.49641220262237196,-0.5775838575212937,-0.3433371953113894,-0.5013913105565886,-0.559839145231576,-0.6978913705442348,-0.3932035407798443,-0.5903162726565331,-0.5956444428239435,-0.4566639558135402,-0.2525801062613132,-0.5752261965920275,-0.11933915134029184,-0.6990822559486767,-0.24194511096490337,-0.5880749953641229,-0.5635100950690576,-0.5496109622030625,-0.5713343637297265,-0.5566409201874469,-0.5493990878469424,-0.5505402724067026,-0.5685120607979879,-0.5235320294611355,27022
-0.5100030793593764,-0.5183750786091187,-0.4742910966668994,-0.4284722767404822,-0.46081003954372274,-0.4069893184346633,-0.4495411016203628,-0.5100030793593764,-0.44721587787451444,-0.3564125901538828,-0.4607787171284871,-0.5553438018189312,-0.47133993823254194,-0.5165010121263196,-0.5224212111154865,-0.3719312408587426,-0.5843240457425946,-0.7475847680057851,-0.5075136302200896,-0.4231000327269995,-0.45569606592777995,-0.3895294972475533,-0.4946721517786155,-0.42620050067994597,-0.49891632731904195,-0.4142326639092318,-0.44706859446143304,-0.3365432044295828,-0.41168625073030357,-0.46181638742301273,33444
-0.12605463302927455,-0.19460313284640016,-0.1915437743953467,-0.15164071621711953,-0.29606825041685175,-0.15793761619541777,-0.20344455993767369,-0.12605463302927455,-0.12729156135059014,0.039471998771848364,-0.07625815423700333,-0.27254853081572905,0.25914871723065114,-0.13858603739919179,-0.13661838387788358,-0.17788259795213518,-0.09663382396469629,0.022634484270115034,-0.3115482504584193,0.2501872526999516,-0.18926538711798432,0.4319038380974697,-0.09835723379254468,-0.17824316207431556,-0.14295725628443587,-0.06399771146004075,0.05686089772196245,-0.11463663697919114,-0.15253219117543257,-0.08090132952409075,46192
-0.5025402003300574,-0.5084925459891778,-0.5535029627676912,-0.5992557331089574,-0.6148120632948888,-0.602276377432846,-0.404068344395057,-0.5025402003300574,-0.14914570247085104,-0.4766739017922792,-0.4501179033263039,-0.8118411234968287,-0.3369674991399379,-0.5673533127942368,-0.5813151426838623,-0.244767814465821,-0.7326951873124121,-0.7225679025504533,-0.5906511063662301,-0.5165547355899126,-0.5993253867187049,-0.7087595138271358,-0.5000490126201288,-0.607600167438234,-0.5326441405881269,-0.5199041386154385,-0.49002575493113276,-0.5378892692704081,-0.5080266617697181,-0.48812801056051747,26086
-0.45275617256451034,-0.509316682426211,-0.4693664311766225,-0.4737014699610769,-0.5559803805138203,-0.5323690001169232,-0.7597049167757943,-0.45275617256451034,-0.2173326251088379,-0.2853025064781003,-0.5054277305440001,-0.5104422207593796,-0.17871020597318935,-0.48087502673252974,-0.49268214956214906,-0.2080431542119948,-0.46388036770330754,-0.2544970720178706,-0.20802860021420314,-0.6120674037296603,-0.26782460498422056,0.9263210588975546,-0.41977593503735233,-0.484792593042873,-0.43721768119289534,-0.3618533942934343,-0.3396670690831144,-0.3706778347824038,-0.27450096230660076,-0.3153724910613655,30044
0.2615406728898031,0.2401572561864225,0.4631834247272529,0.48468593241394625,0.4847143270643812,0.7506715134760015,0.3215710546806855,0.2615406728898031,-0.08709453018665471,0.2933233316508814,0.09824280975287238,0.66346098972146,-0.3811741308644335,0.30142790561846083,0.30749222957194233,0.1597611826525521,0.7625385458468424,1.2695516491516985,1.0953807139602825,0.05105550481466622,0.9508541792532123,0.7433477567116964,0.2895736368927285,0.5946634709925346,0.2787842122227796,0.12628965546901294,0.09115073310191145,0.16494423830150468,0.12077868230406834,0.15212148578543144,64227
2.1374393171417783,1.988179057631592,2.0284820180346403,2.1406561669243462,2.1080699129555605,2.093560213068779,2.339616397133279,2.1374393171417783,1.3693738466262317,1.5355294185796045,2.5188952356027317,2.361007265346866,1.5148271057495741,1.9559996272436597,1.9812928162374817,1.3454185550529507,1.724765626026867,1.4695467530327415,1.7670487001865947,2.0306265299456348,1.8919136391081526,1.1676900958235803,2.1225124769294657,2.1225395112544305,2.172724743795419,1.834504835681737,1.6648006254419305,1.6888131633456336,1.615125045165111,1.8530432029221684,139723
-0.13693094995322447,-0.067494296682949,-0.0015902625343810733,-0.04822575340777737,-0.022866273667755233,0.14167686467500087,-0.10461408799333173,-0.13693094995322447,-0.31178599419143155,-0.1108884781675454,-0.33356454752918685,0.22604485457620882,-0.4744713218527292,-0.13989574748666897,-0.13617095958935363,-0.21773915096125263,0.09322033309686413,-0.3864001946890568,0.055095362830798196,-0.34213870057855755,-0.10080402466889599,-0.47906962384914353,-0.11617130629302147,0.02715994882354707,-0.12155991037539576,-0.33982358384776823,-0.3648756175779813,-0.3036044400448693,-0.2156514160501451,-0.2131031546461712,43823
0.33127327776436566,0.2507360420031672,0.29011980192295533,0.14695941355280934,0.1454063972264708,0.2261260437608389,-0.1598300580354014,0.33127327776436566,1.1759189298771158,0.5439649462601294,0.15035595982851266,-0.30767266917741093,1.5684472178631514,0.11056385457041232,0.09002644098570552,0.5584125180246936,0.8700380078488322,1.401206368596015,1.2121782584783365,0.10912311303466174,1.0616995962730988,-0.0002245989797699261,0.37811623864868776,0.1943570887315244,0.29169354615685306,0.4708727953686642,0.4045629331881104,0.5720212098662159,0.8228064425854064,0.7545530528511748,78363
